Date,Ticker,ret_1,ret_5,ret_20,gap,body,close_pos,ma20_ratio,vol_20,vol_ratio
2026-09-29,BHARTIARTL.NS,-0.00011294639236203441,-0.025313670061643756,-0.022462648431912924,-0.004177500458435568,0.004081604972718145,0.3607823988970588,-0.032947617506634885,0.01598837076773315,1.7403039932802857
2026-09-29,HDFCBANK.NS,0.005076176171375568,-0.021527164777243146,0.01932300734419079,-0.007440338887089837,0.01261034026350738,1.0,0.00810798805047197,0.0133182172346063,1.424684155628171
2026-09-29,HINDUNILVR.NS,-0.016983096609638704,-0.03619815815105587,-0.05265831772915219,0.0,-0.016983096609638704,0.0,-0.041767757660456706,0.010794066184430084,1.5463270213405471
2026-09-29,ICICIBANK.NS,-0.0075269192228302195,-0.0353837154956127,-0.11127926329307081,-0.004838747179819469,-0.0027012426733785677,0.08695267580716497,-0.055868346990047835,0.0075555558909845225,1.6362454593773017
2026-09-29,INFY.NS,0.012161096549621497,-0.013600155107795886,-0.10442760567565568,-0.000598122621403796,0.012766855315994086,1.0,-0.042242607746148075,0.01751456494521276,1.4104017450421722
2026-09-29,ITC.NS,-0.00037709690389287065,-0.0026334902994741283,0.03757340940710607,0.0009426847228228841,-0.0013185386604640525,0.5217425917735515,0.0026759735146999475,0.014348743901005292,1.172095334790549
2026-09-29,LT.NS,-0.004593193802053475,-0.030338249443984,-0.07312907904497312,0.0004248347753126325,-0.005015897649615186,0.17248313256432335,-0.038499981444731435,0.01193927804832478,1.7389883024657886
2026-09-29,RELIANCE.NS,-0.013026031983931041,-0.04708160534070405,-0.07439310884886452,-0.0031729515992627855,-0.009884443244669305,0.01211825284090909,-0.06070082164028989,0.01328996058313391,2.0188200682385498
2026-09-29,SBIN.NS,0.002806665495874494,-0.02259370597058641,-0.08990564886129127,-0.0011434257650079216,0.003954613067354229,0.7748364982740303,-0.03163473056755628,0.012787649179246229,3.069427354024831
2026-09-29,TCS.NS,-0.018496125784007167,-0.034489299565766074,-0.152919608613881,-0.0027526688106837005,-0.015786913116676793,0.0,-0.07216894446198852,0.013118613669270347,1.451472367985273
